Datetime,Open,High,Low,Close,Volume,Dividends,Stock Splits
2026-08-21 09:15:00+05:30,11574.0,11620.0,11538.0,11575.0,2422,0.0,0.0
2026-08-21 09:30:00+05:30,11575.0,11575.0,11538.0,11539.0,4056,0.0,0.0
2026-08-21 09:45:00+05:30,11544.0,11563.0,11540.0,11553.0,2528,0.0,0.0
2026-08-21 10:00:00+05:30,11562.0,11570.0,11533.0,11545.0,3044,0.0,0.0
2026-08-21 10:15:00+05:30,11549.0,11561.0,11538.0,11557.0,3259,0.0,0.0
2026-08-21 10:30:00+05:30,11556.0,11565.0,11542.0,11552.0,599,0.0,0.0
2026-08-21 10:45:00+05:30,11557.0,11573.0,11553.0,11570.0,881,0.0,0.0
2026-08-21 11:00:00+05:30,11570.0,11575.0,11566.0,11567.0,814,0.0,0.0
2026-08-21 11:15:00+05:30,11573.0,11581.0,11556.0,11575.0,8977,0.0,0.0
2026-08-21 11:30:00+05:30,11575.0,11575.0,11556.0,11571.0,3755,0.0,0.0
2026-08-21 11:45:00+05:30,11566.0,11569.0,11526.0,11554.0,3374,0.0,0.0
2026-08-21 12:00:00+05:30,11554.0,11560.0,11539.0,11553.0,1417,0.0,0.0
2026-08-21 12:15:00+05:30,11560.0,11585.0,11555.0,11558.0,6715,0.0,0.0
2026-08-21 12:30:00+05:30,11558.0,11561.0,11546.0,11546.0,17739,0.0,0.0
2026-08-21 12:45:00+05:30,11550.0,11559.0,11542.0,11550.0,13136,0.0,0.0
2026-08-21 13:00:00+05:30,11550.0,11560.0,11542.0,11543.0,1852,0.0,0.0
2026-08-21 13:15:00+05:30,11543.0,11548.0,11526.0,11546.0,1925,0.0,0.0
2026-08-21 13:30:00+05:30,11543.0,11548.0,11535.0,11535.0,921,0.0,0.0
2026-08-21 13:45:00+05:30,11535.0,11545.0,11531.0,11536.0,1309,0.0,0.0
2026-08-21 14:00:00+05:30,11535.0,11544.0,11531.0,11537.0,2598,0.0,0.0
2026-08-21 14:15:00+05:30,11531.0,11557.0,11531.0,11553.0,2923,0.0,0.0
2026-08-21 14:30:00+05:30,11554.0,11570.0,11551.0,11560.0,15986,0.0,0.0
2026-08-21 14:45:00+05:30,11556.0,11569.0,11551.0,11558.0,17337,0.0,0.0
2026-08-21 15:00:00+05:30,11555.0,11575.0,11540.0,11555.0,11086,0.0,0.0
2026-08-21 15:15:00+05:30,11555.0,11570.0,11555.0,11570.0,1961,0.0,0.0
2026-08-24 09:15:00+05:30,11555.0,11605.0,11548.0,11548.0,4711,0.0,0.0
2026-08-24 09:30:00+05:30,11550.0,11561.0,11540.0,11544.0,5518,0.0,0.0
2026-08-24 09:45:00+05:30,11549.0,11555.0,11541.0,11545.0,4677,0.0,0.0
2026-08-24 10:00:00+05:30,11545.0,11557.0,11542.0,11552.0,3839,0.0,0.0
2026-08-24 10:15:00+05:30,11551.0,11561.0,11547.0,11555.0,3995,0.0,0.0
2026-08-24 10:30:00+05:30,11555.0,11567.0,11554.0,11559.0,7772,0.0,0.0
2026-08-24 10:45:00+05:30,11559.0,11562.0,11540.0,11540.0,3600,0.0,0.0
2026-08-24 11:00:00+05:30,11527.0,11541.0,11501.0,11501.0,5324,0.0,0.0
2026-08-24 11:15:00+05:30,11501.0,11513.0,11485.0,11492.0,4264,0.0,0.0
2026-08-24 11:30:00+05:30,11492.0,11509.0,11486.0,11509.0,7049,0.0,0.0
2026-08-24 11:45:00+05:30,11509.0,11551.0,11504.0,11546.0,17546,0.0,0.0
2026-08-24 12:00:00+05:30,11546.0,11546.0,11518.0,11530.0,8562,0.0,0.0
2026-08-24 12:15:00+05:30,11531.0,11533.0,11513.0,11515.0,2788,0.0,0.0
2026-08-24 12:30:00+05:30,11515.0,11533.0,11511.0,11531.0,12051,0.0,0.0
2026-08-24 12:45:00+05:30,11523.0,11535.0,11517.0,11532.0,6265,0.0,0.0
2026-08-24 13:00:00+05:30,11530.0,11545.0,11520.0,11541.0,6298,0.0,0.0
2026-08-24 13:15:00+05:30,11542.0,11558.0,11542.0,11546.0,11601,0.0,0.0
2026-08-24 13:30:00+05:30,11550.0,11573.0,11543.0,11571.0,21205,0.0,0.0
2026-08-24 13:45:00+05:30,11570.0,11571.0,11534.0,11535.0,39695,0.0,0.0
2026-08-24 14:00:00+05:30,11538.0,11557.0,11529.0,11545.0,27640,0.0,0.0
2026-08-24 14:15:00+05:30,11541.0,11552.0,11537.0,11540.0,20284,0.0,0.0
2026-08-24 14:30:00+05:30,11544.0,11549.0,11539.0,11545.0,6331,0.0,0.0
2026-08-24 14:45:00+05:30,11541.0,11563.0,11537.0,11544.0,27322,0.0,0.0
2026-08-24 15:00:00+05:30,11548.0,11554.0,11500.0,11504.0,15043,0.0,0.0
2026-08-25 09:15:00+05:30,11505.0,11549.0,11490.0,11516.0,3975,0.0,0.0
2026-08-25 09:30:00+05:30,11516.0,11530.0,11493.0,11493.0,1732,0.0,0.0
2026-08-25 09:45:00+05:30,11498.0,11513.0,11481.0,11481.0,1845,0.0,0.0
2026-08-25 10:00:00+05:30,11486.0,11495.0,11481.0,11493.0,1814,0.0,0.0
2026-08-25 10:15:00+05:30,11490.0,11492.0,11465.0,11482.0,3812,0.0,0.0
2026-08-25 10:30:00+05:30,11482.0,11499.0,11478.0,11492.0,2327,0.0,0.0
2026-08-25 10:45:00+05:30,11492.0,11518.0,11491.0,11505.0,15702,0.0,0.0
2026-08-25 11:00:00+05:30,11505.0,11507.0,11492.0,11500.0,18745,0.0,0.0
2026-08-25 11:15:00+05:30,11501.0,11507.0,11480.0,11480.0,4739,0.0,0.0
2026-08-25 11:30:00+05:30,11481.0,11482.0,11460.0,11465.0,2801,0.0,0.0
2026-08-25 11:45:00+05:30,11467.0,11477.0,11445.0,11468.0,11553,0.0,0.0
2026-08-25 12:00:00+05:30,11471.0,11471.0,11452.0,11465.0,6922,0.0,0.0
2026-08-25 12:15:00+05:30,11463.0,11488.0,11455.0,11481.0,5408,0.0,0.0
2026-08-25 12:30:00+05:30,11483.0,11486.0,11480.0,11480.0,3536,0.0,0.0
2026-08-25 12:45:00+05:30,11480.0,11482.0,11455.0,11457.0,11700,0.0,0.0
2026-08-25 13:00:00+05:30,11457.0,11461.0,11445.0,11454.0,3090,0.0,0.0
2026-08-25 13:15:00+05:30,11455.0,11460.0,11446.0,11446.0,3759,0.0,0.0
2026-08-25 13:30:00+05:30,11451.0,11459.0,11447.0,11450.0,3580,0.0,0.0
2026-08-25 13:45:00+05:30,11454.0,11473.0,11448.0,11459.0,4741,0.0,0.0
2026-08-25 14:00:00+05:30,11459.0,11488.0,11452.0,11486.0,5838,0.0,0.0
2026-08-25 14:15:00+05:30,11486.0,11499.0,11480.0,11494.0,6056,0.0,0.0
2026-08-25 14:30:00+05:30,11494.0,11538.0,11487.0,11536.0,33590,0.0,0.0
2026-08-25 14:45:00+05:30,11536.0,11553.0,11529.0,11551.0,26169,0.0,0.0
2026-08-25 15:00:00+05:30,11550.0,11550.0,11518.0,11522.0,28869,0.0,0.0
2026-08-25 15:15:00+05:30,11501.0,11540.0,11501.0,11540.0,13167,0.0,0.0
2026-08-26 09:15:00+05:30,11599.0,11684.0,11599.0,11634.0,4759,0.0,0.0
2026-08-26 09:30:00+05:30,11634.0,11675.0,11622.0,11635.0,7598,0.0,0.0
2026-08-26 09:45:00+05:30,11628.0,11729.0,11628.0,11696.0,15676,0.0,0.0
2026-08-26 10:00:00+05:30,11695.0,11710.0,11684.0,11695.0,8267,0.0,0.0
2026-08-26 10:15:00+05:30,11695.0,11701.0,11655.0,11666.0,6759,0.0,0.0
2026-08-26 10:30:00+05:30,11666.0,11709.0,11663.0,11693.0,7910,0.0,0.0
2026-08-26 10:45:00+05:30,11692.0,11698.0,11672.0,11675.0,6495,0.0,0.0
2026-08-26 11:00:00+05:30,11675.0,11681.0,11660.0,11666.0,4165,0.0,0.0
2026-08-26 11:15:00+05:30,11666.0,11672.0,11650.0,11665.0,4388,0.0,0.0
2026-08-26 11:30:00+05:30,11664.0,11674.0,11651.0,11667.0,3280,0.0,0.0
2026-08-26 11:45:00+05:30,11672.0,11674.0,11650.0,11658.0,3541,0.0,0.0
2026-08-26 12:00:00+05:30,11652.0,11685.0,11630.0,11680.0,6724,0.0,0.0
2026-08-26 12:15:00+05:30,11680.0,11693.0,11651.0,11658.0,6177,0.0,0.0
2026-08-26 12:30:00+05:30,11661.0,11679.0,11656.0,11674.0,3946,0.0,0.0
2026-08-26 12:45:00+05:30,11669.0,11681.0,11663.0,11673.0,4867,0.0,0.0
2026-08-26 13:00:00+05:30,11673.0,11679.0,11666.0,11674.0,2717,0.0,0.0
2026-08-26 13:15:00+05:30,11673.0,11685.0,11664.0,11676.0,2470,0.0,0.0
2026-08-26 13:30:00+05:30,11679.0,11699.0,11675.0,11679.0,5435,0.0,0.0
2026-08-26 13:45:00+05:30,11679.0,11684.0,11671.0,11675.0,3574,0.0,0.0
2026-08-26 14:00:00+05:30,11675.0,11699.0,11673.0,11694.0,5203,0.0,0.0
2026-08-26 14:15:00+05:30,11698.0,11720.0,11695.0,11710.0,6130,0.0,0.0
2026-08-26 14:30:00+05:30,11714.0,11777.0,11707.0,11776.0,16394,0.0,0.0
2026-08-26 14:45:00+05:30,11775.0,11820.0,11761.0,11772.0,34672,0.0,0.0
2026-08-26 15:00:00+05:30,11771.0,11789.0,11717.0,11717.0,30685,0.0,0.0
2026-08-27 09:15:00+05:30,11715.0,11780.0,11710.0,11714.0,3998,0.0,0.0
2026-08-27 09:30:00+05:30,11714.0,11725.0,11700.0,11713.0,3690,0.0,0.0
2026-08-27 09:45:00+05:30,11717.0,11740.0,11714.0,11730.0,3753,0.0,0.0
2026-08-27 10:00:00+05:30,11735.0,11814.0,11730.0,11777.0,11844,0.0,0.0
2026-08-27 10:15:00+05:30,11776.0,11793.0,11765.0,11771.0,3173,0.0,0.0
2026-08-27 10:30:00+05:30,11770.0,11776.0,11750.0,11750.0,2169,0.0,0.0
